<?xml version="1.0" encoding="UTF-8"?>
<project-private xmlns="http://www.netbeans.org/ns/project-private/1">
    <editor-bookmarks xmlns="http://www.netbeans.org/ns/editor-bookmarks/2" lastBookmarkId="0"/>
    <open-files xmlns="http://www.netbeans.org/ns/projectui-open-files/2">
        <group>
            <file>file:/M:/CPT236-Java/coltharp_kenny_chapter4/coltharp_kenny_kwc/Chapter4/src/com/kwc/problem12/Problem12.java</file>
            <file>file:/M:/CPT236-Java/coltharp_kenny_chapter4/coltharp_kenny_kwc/Chapter4/src/com/kwc/problem3/Problem3.java</file>
        </group>
    </open-files>
</project-private>
